City_ID,City,Country,Lat,Lng,Max Temp,Humidity,Cloudiness,Wind Speed,Current Description
0,Cidreira,BR,-30.1811,-50.2056,58.41,90,2,9.1,clear sky
1,Arraial Do Cabo,BR,-22.9661,-42.0278,68.11,71,0,11.03,clear sky
2,Skorodnoye,RU,51.071,37.2276,57.33,65,72,8.81,broken clouds
3,Sitka,US,57.0531,-135.33,57.09,94,100,6.91,light rain
4,Sokolo,ML,14.7328,-6.1219,85.35,51,11,9.24,few clouds
5,Bluff,NZ,-46.6,168.3333,51.8,74,100,16.87,overcast clouds
6,Chumikan,RU,54.7183,135.315,54.09,98,100,7.47,light rain
7,Doha,QA,25.2867,51.5333,93.18,68,0,6.91,clear sky
8,Salalah,OM,17.0151,54.0924,77.09,88,75,9.22,broken clouds
9,Rikitea,PF,-23.1203,-134.9692,72.1,74,100,24.45,light rain
10,Atherton,GB,53.5237,-2.4935,54.95,90,100,1.77,overcast clouds
11,Ushuaia,AR,-54.8,-68.3,37.06,93,40,5.75,scattered clouds
12,Hamilton,US,39.1834,-84.5333,73.49,85,0,6.91,clear sky
13,Nikolskoye,RU,59.7035,30.7861,57.79,83,100,4.41,overcast clouds
14,New Norfolk,AU,-42.7826,147.0587,53.92,78,54,4.0,broken clouds
15,Jamestown,US,42.097,-79.2353,71.24,73,0,0.0,clear sky
16,Cherskiy,RU,68.75,161.3,72.23,33,77,17.6,broken clouds
17,Tasiilaq,GL,65.6145,-37.6368,41.16,51,26,4.07,scattered clouds
18,Victoria,HK,22.2855,114.1577,92.25,72,90,1.99,overcast clouds
19,Castro,BR,-24.7911,-50.0119,52.0,79,0,2.24,clear sky
20,Lorengau,PG,-2.0226,147.2712,84.65,72,99,11.5,overcast clouds
21,Liepaja,LV,56.5419,21.0367,60.78,82,100,3.44,overcast clouds
22,Thompson,CA,55.7435,-97.8558,57.36,94,75,2.3,broken clouds
23,Bambous Virieux,MU,-20.3428,57.7575,68.25,88,75,11.5,broken clouds
24,Vaini,TO,-21.2,-175.2,80.76,94,75,6.91,broken clouds
25,Nanesti,RO,45.55,27.5,64.17,90,42,2.55,scattered clouds
26,Denizli,TR,37.8402,29.0698,72.91,63,0,3.89,clear sky
27,Bonavista,CA,48.6499,-53.1147,63.36,80,94,8.21,overcast clouds
28,East London,ZA,-33.0153,27.9116,53.49,62,0,6.76,clear sky
29,San Jeronimo,PE,-11.9472,-75.2829,49.44,77,16,3.06,few clouds
30,Saldanha,ZA,-33.0117,17.9442,50.31,80,0,13.09,clear sky
31,Sept-Iles,CA,50.2001,-66.3821,75.2,78,75,11.5,broken clouds
32,Olafsvik,IS,64.8945,-23.7142,48.38,66,69,7.4,broken clouds
33,Mbandaka,CD,0.0487,18.2603,70.9,76,100,2.98,overcast clouds
34,Rio Casca,BR,-20.2261,-42.6508,67.23,75,84,2.15,broken clouds
35,Saint George,US,37.1041,-113.5841,87.64,50,0,8.05,clear sky
36,Uzyn,UA,49.8262,30.4149,62.56,67,100,5.7,overcast clouds
37,Pangnirtung,CA,66.1451,-65.7125,47.75,85,100,0.85,overcast clouds
38,Verkhnyaya Inta,RU,65.9811,60.3094,60.49,58,17,7.0,few clouds
39,Izmayil,UA,45.3493,28.8408,63.25,87,12,4.74,few clouds
40,Aykhal,RU,66.0,111.5,54.16,91,100,14.29,overcast clouds
41,Hobart,AU,-42.8794,147.3294,54.27,61,75,12.66,broken clouds
42,Marica,BR,-22.9194,-42.8186,69.71,77,0,8.43,clear sky
43,Lubbock,US,33.6001,-101.8338,97.05,16,20,16.11,few clouds
44,Norman Wells,CA,65.282,-126.8329,73.44,46,40,6.91,scattered clouds
45,Devils Lake,US,48.1128,-98.8651,69.78,64,100,16.11,overcast clouds
46,Bacolod,PH,10.6667,122.95,83.86,75,100,3.15,overcast clouds
47,Hermanus,ZA,-34.4187,19.2345,47.82,74,0,7.54,clear sky
48,Luderitz,NA,-26.6481,15.1594,56.61,55,0,5.57,clear sky
49,Mataura,NZ,-46.1927,168.8643,51.48,69,81,9.13,broken clouds
50,Petropavlovsk-Kamchatskiy,RU,53.0452,158.6483,62.78,63,75,4.47,broken clouds
51,Punta Arenas,CL,-53.15,-70.9167,42.91,75,75,12.66,broken clouds
52,Puerto Ayora,EC,-0.7393,-90.3518,71.55,92,79,7.0,broken clouds
53,Tiksi,RU,71.6872,128.8694,40.28,94,100,17.07,moderate rain
54,Stettler,CA,52.3168,-112.7186,65.95,100,97,13.8,overcast clouds
55,Svetlyy,RU,54.675,20.1347,62.96,91,65,7.2,broken clouds
56,Sandwick,GB,60.0,-1.25,51.62,93,90,8.05,light rain
57,Port Elizabeth,ZA,-33.918,25.5701,49.32,84,0,5.75,clear sky
58,Inirida,CO,3.8653,-67.9239,73.47,98,100,2.35,light rain
59,Moroni,KM,-11.7022,43.2551,74.35,68,0,2.01,clear sky
60,Maua,BR,-23.6678,-46.4614,55.36,90,5,1.86,clear sky
61,Rio De Janeiro,BR,-22.9028,-43.2075,69.76,73,75,11.5,broken clouds
62,Alyangula,AU,-13.8483,136.4192,79.05,64,37,3.74,scattered clouds
63,Constitucion,CL,-35.3333,-72.4167,48.65,89,95,3.98,overcast clouds
64,Mahebourg,MU,-20.4081,57.7,68.29,88,75,11.5,broken clouds
65,Yar-Sale,RU,66.8333,70.8333,54.3,66,5,8.03,clear sky
66,Kaifeng,CN,34.7911,114.3483,87.93,62,0,4.12,clear sky
67,Bethel,US,41.3712,-73.414,78.03,69,100,5.12,overcast clouds
68,Kuching,MY,1.55,110.3333,80.82,89,20,3.44,few clouds
69,Nanortalik,GL,60.1432,-45.2371,45.73,95,52,7.54,broken clouds
70,Puerto Armuelles,PA,8.2833,-82.8667,78.78,87,91,5.14,overcast clouds
71,Makokou,GA,0.5738,12.8642,67.77,86,63,3.04,broken clouds
72,Bredasdorp,ZA,-34.5322,20.0403,41.56,83,0,3.74,clear sky
73,Krasnoselkup,RU,65.7,82.4667,50.86,58,1,24.7,clear sky
74,Esperance,AU,-33.8667,121.9,56.97,51,97,21.41,overcast clouds
75,Noumea,NC,-22.2763,166.4572,75.18,99,96,12.48,overcast clouds
76,Hambantota,LK,6.1241,81.1185,77.34,100,75,6.91,broken clouds
77,Carutapera,BR,-1.195,-46.02,76.08,92,100,4.16,overcast clouds
78,Busselton,AU,-33.65,115.3333,59.29,88,100,13.13,overcast clouds
79,Gunnedah,AU,-30.9833,150.25,53.01,94,100,13.35,overcast clouds
80,Kadipur,IN,26.1667,82.3833,88.83,63,97,4.85,overcast clouds
81,Bud,US,39.447,-86.1758,76.95,78,1,2.86,clear sky
82,Rocky Mountain House,CA,52.3668,-114.9188,73.51,73,61,3.44,broken clouds
83,Chokurdakh,RU,70.6333,147.9167,66.87,61,100,8.46,overcast clouds
84,Havre-Saint-Pierre,CA,50.2334,-63.5986,61.16,88,100,9.22,overcast clouds
85,Butaritari,KI,3.0707,172.7902,81.52,78,82,12.97,light rain
86,General Roca,AR,-39.0333,-67.5833,49.46,53,90,3.94,overcast clouds
87,Caravelas,BR,-17.7125,-39.2481,70.16,90,80,7.9,broken clouds
88,Sangmelima,CM,2.9333,11.9833,64.98,100,64,3.2,broken clouds
89,Dikson,RU,73.5069,80.5464,41.31,93,100,8.9,overcast clouds
90,Kapaa,US,22.0752,-159.319,87.78,63,0,14.97,clear sky
91,Freeport,US,40.6576,-73.5832,79.47,74,0,9.22,clear sky
92,Kargasok,RU,59.0556,80.8572,55.17,65,92,13.49,overcast clouds
93,Santa Maria,BR,-29.6842,-53.8069,49.3,100,1,0.0,fog
94,Atuona,PF,-9.8,-139.0333,77.23,71,12,12.08,few clouds
95,Hilo,US,19.7297,-155.09,84.27,64,20,14.97,few clouds
96,Skjervoy,NO,70.0311,20.9714,51.8,71,73,2.59,broken clouds
97,North Bend,US,43.4065,-124.2243,67.91,94,75,6.91,broken clouds
98,Tuktoyaktuk,CA,69.4541,-133.0374,64.4,55,40,4.61,scattered clouds
99,Qaanaaq,GL,77.484,-69.3632,43.9,65,100,2.77,overcast clouds
100,Portland,US,45.5234,-122.6762,99.19,36,20,10.36,few clouds
101,Pevek,RU,69.7008,170.3133,52.2,55,0,11.12,clear sky
102,Klaksvik,FO,62.2266,-6.589,50.49,84,83,13.29,broken clouds
103,Ancud,CL,-41.8697,-73.8203,42.22,85,100,1.05,overcast clouds
104,Cape Town,ZA,-33.9258,18.4232,55.38,77,0,7.0,clear sky
105,Faanui,PF,-16.4833,-151.75,78.42,72,10,23.94,light rain
106,Iqaluit,CA,63.7506,-68.5145,46.13,80,75,6.91,broken clouds
107,Port Alfred,ZA,-33.5906,26.891,51.93,72,0,9.42,clear sky
108,Provideniya,RU,64.3833,-173.3,50.11,76,0,6.71,clear sky
109,Paciran,ID,-6.8767,112.3761,81.86,70,26,5.84,scattered clouds
110,Ulladulla,AU,-35.35,150.4667,61.7,50,0,14.07,clear sky
111,Kruisfontein,ZA,-34.0033,24.7314,45.03,77,0,6.4,clear sky
112,Grindavik,IS,63.8424,-22.4338,51.75,87,20,12.66,few clouds
113,Carnarvon,AU,-24.8667,113.6333,70.09,74,100,17.38,light rain
114,Lebu,CL,-37.6167,-73.65,46.58,84,100,4.32,overcast clouds
115,The Valley,AI,18.217,-63.0578,84.06,77,100,19.33,overcast clouds
116,Pangody,RU,65.85,74.4859,53.28,62,2,12.91,clear sky
117,Makakilo City,US,21.3469,-158.0858,82.72,55,75,23.02,broken clouds
118,Viljoenskroon,ZA,-27.2084,26.9485,46.38,38,21,8.39,few clouds
119,Baie-Comeau,CA,49.2168,-68.1489,62.28,77,0,21.85,clear sky
120,Opuwo,NA,-18.0607,13.84,47.71,61,22,6.11,few clouds
121,Georgetown,MY,5.4112,100.3354,82.89,90,40,3.44,scattered clouds
122,Ignatovka,RU,53.9479,47.6536,58.42,79,87,6.96,overcast clouds
123,Ahipara,NZ,-35.1667,173.1667,58.28,55,14,7.25,few clouds
124,Kaitangata,NZ,-46.2817,169.8464,49.08,64,100,8.1,overcast clouds
125,Baykit,RU,61.67,96.37,61.83,80,100,2.84,light rain
126,Hunterville,NZ,-39.9333,175.5667,54.7,63,6,8.12,clear sky
127,Mbanza-Ngungu,CD,-5.25,14.8667,66.27,74,93,7.81,overcast clouds
128,Kommunar,RU,59.6206,30.39,57.43,80,100,4.54,overcast clouds
129,Torbay,CA,47.6666,-52.7314,67.87,80,20,16.11,few clouds
130,Oranjestad,AW,12.524,-70.027,82.35,74,20,23.02,few clouds
131,Boyolangu,ID,-8.1181,111.8935,80.69,68,8,1.23,clear sky
132,Kavaratti,IN,10.5669,72.642,77.94,86,100,23.64,overcast clouds
133,Komsomolskiy,UZ,40.4272,71.7189,77.72,38,22,6.91,few clouds
134,San Quintin,MX,30.4833,-115.95,72.43,70,4,8.48,clear sky
135,Visaginas,LT,55.6,26.4167,59.58,97,100,12.88,overcast clouds
136,Picota,PE,-6.9197,-76.3304,77.49,78,66,1.74,broken clouds
137,Avarua,CK,-21.2078,-159.775,77.05,73,75,13.8,broken clouds
138,Marawi,PH,7.9986,124.2928,81.48,58,100,1.83,overcast clouds
139,Yaqui,MX,27.3667,-110.1667,88.9,51,57,6.87,broken clouds
140,Muli,MV,2.9167,73.5667,81.37,73,100,22.97,overcast clouds
141,Roald,NO,62.5833,6.1333,55.17,81,75,4.61,broken clouds
142,San Patricio,US,28.017,-97.5169,87.89,64,63,13.42,broken clouds
143,Artyom,AZ,40.4723,50.333,71.74,78,2,9.46,clear sky
144,Vani,GE,42.0832,42.5216,67.69,100,75,3.44,broken clouds
145,Coihaique,CL,-45.5752,-72.0662,35.55,75,0,6.91,clear sky
146,Ilhabela,BR,-23.7781,-45.3581,63.3,83,7,6.24,clear sky
147,Ribeira Grande,PT,38.5167,-28.7,73.78,76,19,7.07,few clouds
148,La Mata,PA,8.0833,-80.8833,76.71,86,100,2.86,overcast clouds
149,Staunton,US,38.1496,-79.0717,72.28,78,75,5.75,broken clouds
150,Twin Falls,US,42.3505,-114.6445,94.93,18,0,6.91,clear sky
151,Port Hedland,AU,-20.3167,118.5667,78.85,31,31,11.5,scattered clouds
152,Oyem,GA,1.5995,11.5793,64.17,99,80,2.57,broken clouds
153,Upernavik,GL,72.7868,-56.1549,48.2,69,98,1.81,overcast clouds
154,Sinnamary,GF,5.3833,-52.95,78.26,86,98,6.6,overcast clouds
155,Phatthalung,TH,7.5,100.0833,84.22,70,98,3.78,overcast clouds
156,Qandala,SO,11.472,49.8728,86.99,55,39,8.41,scattered clouds
157,Genhe,CN,50.7833,121.5167,77.32,51,34,4.7,scattered clouds
158,Ibra,OM,22.6906,58.5334,80.13,69,49,4.65,scattered clouds
159,Le Havre,FR,49.4938,0.1077,65.95,88,100,11.5,overcast clouds
160,Namatanai,PG,-3.6667,152.4333,85.08,68,64,10.85,broken clouds
161,Mecca,SA,21.4267,39.8261,86.18,27,89,3.2,overcast clouds
162,Albany,US,42.6001,-73.9662,75.45,71,100,2.28,overcast clouds
163,Gwanda,ZW,-20.9333,29.0,56.68,34,2,11.95,clear sky
164,Camalu,MX,30.85,-116.0667,74.1,63,3,6.53,clear sky
165,Ambon,ID,-3.6954,128.1814,84.34,79,40,4.61,scattered clouds
166,Pacific Grove,US,36.6177,-121.9166,73.54,82,0,10.36,clear sky
167,Tuatapere,NZ,-46.1333,167.6833,50.13,78,100,9.06,light rain
168,Lotofaga,WS,-13.9764,-171.8578,87.58,80,53,20.92,light rain
169,Warmbad,NA,-28.45,18.7333,47.8,28,0,9.93,clear sky
170,Adrar,MR,20.5022,-10.0711,91.11,37,12,14.34,few clouds
171,Fort-Shevchenko,KZ,44.5086,50.263,80.19,61,6,10.56,clear sky
172,Leh,IN,34.1667,77.5833,59.41,57,68,6.4,broken clouds
173,Srednekolymsk,RU,67.45,153.6833,77.81,33,100,12.73,overcast clouds
174,Talara,PE,-4.5772,-81.2719,62.73,87,44,15.52,scattered clouds
175,Lagoa,PT,39.05,-27.9833,72.39,75,0,8.97,clear sky
176,Lindi,TZ,-10.0,39.7167,65.7,96,4,3.76,clear sky
177,Taitung,TW,22.7583,121.1444,89.87,62,75,6.91,broken clouds
178,Saint-Georges,GD,12.0564,-61.7485,80.28,89,20,17.27,few clouds
179,Tutoia,BR,-2.7619,-42.2744,77.56,87,39,10.74,moderate rain
180,Fairbanks,US,64.8378,-147.7164,68.22,75,100,8.05,overcast clouds
181,Salta,AR,-24.7859,-65.4117,57.79,57,0,9.22,clear sky
182,Port Lavaca,US,28.615,-96.6261,87.78,76,66,12.44,broken clouds
183,Ahmadnagar,IN,19.0833,74.7333,75.18,83,100,3.47,overcast clouds
184,Minbu,MM,20.1833,94.8833,86.32,65,100,8.12,overcast clouds
185,Vila Franca Do Campo,PT,37.7167,-25.4333,70.21,85,4,4.36,clear sky
186,Saint-Philippe,RE,-21.3585,55.7679,66.22,79,46,11.79,scattered clouds
187,Yokadouma,CM,3.5167,15.05,66.22,98,97,2.24,overcast clouds
188,Saskylakh,RU,71.9167,114.0833,45.73,76,100,9.91,overcast clouds
189,Sao Felix Do Xingu,BR,-6.6447,-51.995,74.37,71,11,0.45,few clouds
190,Blanquefort,FR,44.9125,-0.6366,63.3,94,3,2.3,clear sky
191,Gitarama,RW,-2.0744,29.7567,58.46,94,85,2.39,light rain
192,Altay,CN,47.8667,88.1167,74.8,33,0,4.29,clear sky
193,Yulara,AU,-25.2406,130.9889,64.45,29,39,13.96,scattered clouds
194,Sioux Lookout,CA,50.1001,-91.917,62.67,94,100,8.05,overcast clouds
195,Batagay,RU,67.6333,134.6333,81.46,40,100,11.16,overcast clouds
196,Cayenne,GF,4.9333,-52.3333,83.08,1,69,3.44,broken clouds
197,Nuuk,GL,64.1835,-51.7216,47.88,76,95,11.01,overcast clouds
198,Marsh Harbour,BS,26.5412,-77.0636,83.17,73,100,11.83,overcast clouds
199,Ucluelet,CA,48.9329,-125.5528,66.51,87,27,8.59,scattered clouds
200,Traiguen,CL,-38.25,-72.6833,42.67,96,100,2.37,overcast clouds
201,Matara,LK,5.9485,80.5353,78.03,89,85,11.32,light rain
202,Sapernoye,RU,60.7167,29.9505,56.66,76,67,4.59,broken clouds
203,Bilma,NE,18.6853,12.9164,87.66,41,25,8.01,scattered clouds
204,Utete,TZ,-7.986,38.758,67.41,97,46,2.26,scattered clouds
205,Saltpond,GH,5.2091,-1.0606,73.22,86,100,13.33,overcast clouds
206,Olavarria,AR,-36.8927,-60.3225,52.02,79,11,6.2,few clouds
207,Vaitape,PF,-16.5167,-151.75,78.42,72,10,23.94,light rain
208,Herat,AF,34.5,62.0,76.98,25,0,20.8,clear sky
209,Koulamoutou,GA,-1.1303,12.4736,69.75,77,4,2.62,clear sky
210,Vestmannaeyjar,IS,63.4427,-20.2734,49.08,75,83,18.37,broken clouds
211,Mocuba,MZ,-16.8392,36.9856,62.56,98,6,1.66,clear sky
212,Vao,NC,-22.6667,167.4833,70.0,77,87,24.63,overcast clouds
213,Millinocket,US,45.6573,-68.7098,73.51,68,0,3.44,clear sky
214,Darhan,MN,49.4867,105.9228,73.11,55,16,1.74,few clouds
215,Narsaq,GL,60.9167,-46.05,48.42,89,100,4.7,overcast clouds
216,Yellowknife,CA,62.456,-114.3525,66.72,42,40,8.05,scattered clouds
217,Kyra,RU,49.5776,111.9753,74.35,51,31,2.98,scattered clouds
218,Chuy,UY,-33.6971,-53.4616,47.03,84,51,5.14,broken clouds
219,Inta,RU,66.0317,60.1659,60.8,58,14,5.93,few clouds
220,Shiroishi,JP,38.0033,140.6183,95.27,53,79,4.97,broken clouds
221,Mopipi,BW,-21.1833,24.8833,57.96,26,0,10.11,clear sky
222,Nhulunbuy,AU,-12.2333,136.7667,83.01,65,40,14.97,scattered clouds
223,Airai,TL,-8.9266,125.4092,72.84,53,52,2.66,broken clouds
224,Salekhard,RU,66.53,66.6019,56.46,66,18,7.02,few clouds
225,Shache,CN,38.4167,77.2406,77.09,28,100,16.17,overcast clouds
226,Tautira,PF,-17.7333,-149.15,77.13,67,76,23.13,broken clouds
227,Elmira,US,42.0898,-76.8077,73.72,71,0,0.0,clear sky
228,Chapais,CA,49.7834,-74.8492,62.38,83,43,0.4,scattered clouds
229,Kushmurun,KZ,52.4503,64.6311,64.94,77,10,7.29,clear sky
230,Viedma,AR,-40.8135,-62.9967,45.36,71,100,6.31,overcast clouds
231,Sao Paulo De Olivenca,BR,-3.3783,-68.8725,76.32,87,88,0.54,overcast clouds
232,San Policarpo,PH,12.1791,125.5072,85.17,71,100,9.31,light rain
233,Praia Da Vitoria,PT,38.7333,-27.0667,71.85,88,20,4.88,few clouds
234,Havelock,US,34.8791,-76.9013,80.58,90,100,9.91,overcast clouds
235,Barrow,US,71.2906,-156.7887,35.62,87,100,9.22,overcast clouds
236,Isla Mujeres,MX,21.2311,-86.731,84.16,84,9,11.21,clear sky
237,Kavieng,PG,-2.5744,150.7967,85.26,69,91,15.46,overcast clouds
238,Lasa,IT,46.6166,10.7002,65.28,87,0,4.29,clear sky
239,Akureyri,IS,65.6835,-18.0878,48.13,57,75,5.75,broken clouds
240,Mar Del Plata,AR,-38.0023,-57.5575,54.88,84,0,3.0,clear sky
241,Kaliwungu,ID,-6.9615,110.2531,82.35,69,20,10.36,few clouds
242,Tura,IN,25.5198,90.2201,74.1,98,100,5.44,moderate rain
243,Huarmey,PE,-10.0681,-78.1522,62.53,84,15,8.97,few clouds
244,Shakawe,BW,-18.3667,21.85,55.58,27,0,6.31,clear sky
245,Swellendam,ZA,-34.0226,20.4417,41.76,76,0,1.39,clear sky
246,Rundu,NA,-17.9333,19.7667,54.63,30,2,4.54,clear sky
247,Te Anau,NZ,-45.4167,167.7167,46.11,91,100,7.87,overcast clouds
248,Ketchikan,US,55.3422,-131.6461,64.87,88,100,4.61,overcast clouds
249,Yalta,UA,44.5,34.1667,74.89,67,1,6.2,light rain
250,Hefei,CN,31.8639,117.2808,87.82,70,20,4.47,few clouds
251,Walvis Bay,NA,-22.9575,14.5053,55.09,71,14,10.36,few clouds
252,Merauke,ID,-8.4667,140.3333,81.97,75,96,10.76,overcast clouds
253,Hanting,CN,36.7708,119.2108,86.09,70,59,8.97,broken clouds
254,Kaupanger,NO,61.1845,7.2404,54.1,93,100,4.05,overcast clouds
255,Kalur Kot,PK,32.1564,71.2594,80.49,68,12,6.91,few clouds
256,Paraiso,CR,9.8383,-83.8656,68.86,95,74,3.06,broken clouds
257,Mount Isa,AU,-20.7333,139.5,80.37,21,0,5.75,clear sky
258,Saint Charles,US,38.7667,-90.7335,80.91,76,20,4.61,few clouds
259,Nuevo Progreso,MX,23.1667,-97.95,82.54,79,2,5.84,clear sky
260,Guerrero Negro,MX,27.9769,-114.0611,75.22,65,16,14.2,few clouds
261,Jumla,NP,29.2747,82.1838,63.66,93,99,1.45,overcast clouds
262,Sangre Grande,TT,10.5835,-61.1177,78.76,91,75,10.2,broken clouds
263,Koungou,YT,-12.7336,45.2042,71.31,94,0,6.91,clear sky
264,Hingatungan,PH,10.584,125.1852,84.87,70,100,5.84,overcast clouds
265,Richards Bay,ZA,-28.783,32.0377,60.44,76,100,8.48,light rain
266,Road Town,VG,18.4167,-64.6167,82.49,83,40,11.5,scattered clouds
267,Mandan,US,46.8267,-100.8896,74.8,66,0,5.75,clear sky
268,Alofi,NU,-19.0595,-169.9187,80.49,74,3,13.8,clear sky
269,Poum,NC,-20.2333,164.0167,73.29,71,96,11.56,overcast clouds
270,Laguna,US,38.421,-121.4238,87.03,54,0,12.66,clear sky
271,Pella,RU,59.7775,30.8181,57.96,84,100,4.45,overcast clouds
272,Mizdah,LY,31.4451,12.9801,73.69,54,1,2.44,clear sky
273,Qeshm,IR,26.9581,56.2719,87.69,82,92,5.1,overcast clouds
274,Severo-Kurilsk,RU,50.6789,156.125,55.49,78,59,10.25,broken clouds
275,Kuusamo,FI,65.9667,29.1833,53.64,94,100,3.44,overcast clouds
276,Ouadda,CF,8.0777,22.4007,67.35,99,100,2.44,light rain
277,Hithadhoo,MV,-0.6,73.0833,80.87,73,100,16.44,overcast clouds
278,Yacuiba,BO,-22.038,-63.6797,60.15,64,20,4.76,few clouds
279,Oromocto,CA,45.8351,-66.4792,73.31,83,0,6.91,clear sky
280,Kodiak,US,57.79,-152.4072,62.11,72,75,5.75,broken clouds
281,Ixtapa,MX,20.7,-105.2,79.23,86,100,1.01,overcast clouds
282,Shingu,JP,33.7333,135.9833,89.74,62,48,9.89,scattered clouds
283,Kamenka,RU,51.3223,42.7678,60.37,69,96,8.57,overcast clouds
284,Fethiye,TR,36.6217,29.1164,80.47,40,0,4.52,clear sky
285,Acajutla,SV,13.5928,-89.8275,79.45,85,98,7.4,overcast clouds
286,Beringovskiy,RU,63.05,179.3167,50.14,62,100,4.92,overcast clouds
287,Beyneu,KZ,45.3167,55.2,80.04,39,37,8.23,scattered clouds
288,Bengkulu,ID,-3.8004,102.2655,81.0,73,82,2.21,broken clouds
289,Jalpan,MX,21.2333,-99.4833,73.98,73,84,4.59,broken clouds
290,Port Blair,IN,11.6667,92.75,83.89,78,100,14.45,overcast clouds
291,Masuguru,TZ,-11.3667,38.4167,66.65,78,0,2.53,clear sky
292,Benguela,AO,-12.5763,13.4055,63.64,88,25,1.9,scattered clouds
293,Lapeer,US,43.0514,-83.3188,76.95,56,0,0.0,clear sky
294,Tsuruoka,JP,38.7217,139.8217,87.84,70,75,2.3,broken clouds
295,Mporokoso,ZM,-9.3727,30.125,58.37,53,6,6.26,clear sky
296,Dubbo,AU,-32.25,148.6167,57.33,72,75,8.05,broken clouds
297,Lata,PT,40.1629,-8.3327,69.08,58,0,2.44,clear sky
298,Sibolga,ID,1.7427,98.7792,81.55,76,100,0.27,moderate rain
299,Labuhan,ID,-6.8844,112.2051,81.86,68,32,5.39,scattered clouds
300,Sao Filipe,CV,14.8961,-24.4956,75.15,76,18,6.22,few clouds
301,Hecun,CN,36.5333,114.1111,86.79,60,0,3.8,clear sky
302,Manasa,IN,24.4837,75.2687,77.4,84,92,13.69,overcast clouds
303,Mount Gambier,AU,-37.8333,140.7667,56.05,70,7,14.12,clear sky
304,Zhanaozen,KZ,43.3,52.8,79.61,33,0,6.87,clear sky
305,Prince George,CA,53.9166,-122.753,87.26,39,20,4.61,few clouds
306,Udachnyy,RU,66.4167,112.4,55.45,87,100,17.18,overcast clouds
307,Cabo San Lucas,MX,22.8909,-109.9124,84.51,81,27,3.0,scattered clouds
308,Harper,LR,4.375,-7.7169,74.93,79,100,12.82,overcast clouds
309,San Ramon,US,37.7799,-121.978,79.48,66,0,17.27,clear sky
310,Thung Song,TH,8.1645,99.6804,80.46,85,100,3.71,light rain
311,Vyazniki,RU,56.25,42.1667,53.53,80,30,4.88,scattered clouds
312,Henties Bay,NA,-22.116,14.2845,54.27,70,95,6.11,overcast clouds
313,Ponta Do Sol,PT,32.6667,-17.1,70.43,78,3,3.85,clear sky
314,Dalbandin,PK,28.8947,64.4101,87.26,24,5,7.81,clear sky
315,Monrovia,LR,6.3005,-10.7969,75.47,85,100,8.41,light rain
316,Zaranj,AF,30.9667,61.8833,85.96,19,0,24.27,clear sky
317,Port Shepstone,ZA,-30.7414,30.455,55.81,67,8,7.2,clear sky
318,Flinders,AU,-34.5833,150.8552,66.06,53,7,10.0,clear sky
319,Ladybank,GB,56.2742,-3.1239,53.55,91,20,2.3,few clouds
320,Sonoita,MX,31.85,-112.8333,91.87,41,35,8.59,scattered clouds
321,Yangambi,CD,0.8102,24.4336,69.04,98,100,2.64,overcast clouds
322,Port-Cartier,CA,50.0334,-66.8654,74.88,88,92,5.32,overcast clouds
323,Tazovskiy,RU,67.4667,78.7,48.34,69,8,14.72,clear sky
324,Pisco,PE,-13.7,-76.2167,60.85,82,100,9.22,overcast clouds
325,Kharsia,IN,21.9667,83.1167,84.52,70,100,0.74,overcast clouds
326,Rio Tercero,AR,-32.173,-64.1141,50.79,40,34,3.49,scattered clouds
327,Boguchany,RU,58.3814,97.4531,71.44,84,100,6.42,overcast clouds
328,Tucuman,AR,-26.8241,-65.2226,51.8,82,3,6.91,clear sky
329,Aldan,RU,58.6031,125.3894,70.56,62,100,5.57,overcast clouds
330,Longonjo,AO,-12.9067,15.2533,54.57,74,0,1.99,clear sky
331,Kahului,US,20.8947,-156.47,87.82,59,20,25.32,few clouds
332,Karpathos,GR,35.507,27.2132,75.16,83,0,24.16,clear sky
333,Banamba,ML,13.55,-7.45,77.05,72,16,9.01,few clouds
334,Okato,NZ,-39.2,173.8833,56.52,63,12,9.89,few clouds
335,Fallon,US,39.4735,-118.7774,95.92,18,75,18.41,broken clouds
336,Qaqortoq,GL,60.7167,-46.0333,44.85,95,100,3.96,overcast clouds
337,Puerto Escondido,MX,15.85,-97.0667,81.19,82,77,3.78,broken clouds
338,Sao Luiz Gonzaga,BR,-28.4083,-54.9608,52.12,83,0,4.85,clear sky
339,Cockburn Town,TC,21.4612,-71.1419,81.91,84,0,19.86,clear sky
340,Anadyr,RU,64.75,177.4833,61.3,51,20,11.18,few clouds
341,Talnakh,RU,69.4865,88.3972,47.21,53,4,22.55,clear sky
342,Isangel,VU,-19.55,169.2667,80.71,69,40,10.36,scattered clouds
343,Saint-Esteve,FR,42.7131,2.843,82.22,49,0,12.66,clear sky
344,Nabire,ID,-3.3667,135.4833,82.71,75,100,2.37,overcast clouds
345,The Pas,CA,53.8251,-101.2541,66.22,77,75,10.36,broken clouds
346,Barra Patuca,HN,15.8,-84.2833,79.77,85,24,11.88,few clouds
347,Norsup,VU,-16.0667,167.3833,82.08,71,5,10.33,clear sky
348,Potosi,BO,-19.5836,-65.7531,44.85,24,0,0.31,clear sky
349,Vardo,NO,70.3705,31.1107,49.98,100,100,0.0,fog
350,Dingle,PH,10.9995,122.6711,84.63,71,100,1.66,overcast clouds
351,Cao Bang,VN,22.6667,106.25,85.77,66,12,3.38,few clouds
352,Bonthe,SL,7.5264,-12.505,76.03,82,100,8.88,overcast clouds
353,Kingsport,US,36.5484,-82.5618,76.26,93,75,3.44,broken clouds
354,Souillac,MU,-20.5167,57.5167,68.38,88,75,11.5,broken clouds
355,Cortez,US,37.3489,-108.5859,77.76,47,75,5.75,broken clouds
356,Hovd,MN,48.0056,91.6419,69.75,48,98,2.8,light rain
357,Presidencia Roque Saenz Pena,AR,-26.7852,-60.4388,59.27,53,3,5.48,clear sky
358,Mozarlandia,BR,-14.7447,-50.5706,74.44,26,0,3.51,clear sky
359,Labytnangi,RU,66.6572,66.4183,56.8,65,23,6.11,few clouds
360,Vostok,RU,46.4856,135.8833,79.9,60,100,4.07,light rain
361,Chandbali,IN,20.7833,86.7667,86.94,67,100,10.45,overcast clouds
362,Hervey Bay,AU,-25.2986,152.8535,65.84,73,100,5.73,overcast clouds
363,Omsukchan,RU,62.5333,155.8,61.56,49,59,12.57,broken clouds
364,Dalvik,IS,65.9702,-18.5286,48.13,97,100,6.91,overcast clouds
365,Nacala,MZ,-14.5428,40.6728,66.9,91,42,6.22,scattered clouds
366,Manavalakurichi,IN,8.1333,77.3,78.85,85,100,13.44,overcast clouds
367,Longyearbyen,SJ,78.2186,15.6401,48.65,87,100,4.76,overcast clouds
368,Royal Leamington Spa,GB,52.3,-1.5333,60.46,76,100,4.47,overcast clouds
369,Aasiaat,GL,68.7098,-52.8699,39.0,94,28,7.27,scattered clouds
370,Rosario,AR,-32.9468,-60.6393,57.97,74,0,4.61,clear sky
371,Batemans Bay,AU,-35.7167,150.1833,59.09,43,3,12.12,clear sky
372,Mandalgovi,MN,45.7625,106.2708,76.32,33,97,11.01,overcast clouds
373,Orange,US,33.7,-117.7675,93.52,61,40,11.5,scattered clouds
374,Yatou,CN,37.15,122.3833,80.76,90,65,12.5,broken clouds
375,Bushehr,IR,28.9684,50.8385,87.89,62,0,0.0,clear sky
376,Miraflores,MX,19.2167,-98.8083,67.03,88,61,4.32,light rain
377,Kabo,CF,7.6994,18.629,69.64,96,100,4.32,overcast clouds
378,Cap Malheureux,MU,-19.9842,57.6142,66.47,81,0,3.0,light rain
379,San Carlos De Bariloche,AR,-41.1456,-71.3082,36.25,80,100,4.61,overcast clouds
380,Okhotsk,RU,59.3833,143.3,58.89,87,100,8.5,overcast clouds
381,Raudeberg,NO,61.9875,5.1352,52.47,72,35,5.79,scattered clouds
382,Pishin,PK,30.5803,66.9961,75.76,35,0,4.14,clear sky
383,Muros,ES,42.7762,-9.0603,70.16,76,1,10.71,clear sky
384,Stephenville,US,32.2207,-98.2023,95.86,28,40,8.05,scattered clouds
385,Dedougou,BF,12.4667,-3.4667,70.47,95,100,18.61,heavy intensity rain
386,Broken Hill,AU,-31.95,141.4333,55.54,42,0,4.94,clear sky
387,Adelaide,AU,-34.9333,138.6,59.41,77,20,17.27,few clouds
388,Murindo,CO,6.9848,-76.7544,74.48,97,100,2.8,overcast clouds
389,Wanning,CN,18.8003,110.3967,87.71,66,7,6.17,clear sky
390,Koslan,RU,63.4564,48.8989,59.7,98,75,4.14,broken clouds
391,Vesyegonsk,RU,58.664,37.2604,51.98,81,95,2.37,overcast clouds
392,Vyborg,RU,60.7076,28.7528,58.33,90,64,5.37,broken clouds
393,Koumac,NC,-20.5667,164.2833,74.75,67,75,9.13,broken clouds
394,Clyde River,CA,70.4692,-68.5914,35.83,100,100,5.75,overcast clouds
395,Coquimbo,CL,-29.9533,-71.3436,53.33,100,20,4.61,few clouds
396,Yumen,CN,40.2833,97.2,78.44,34,22,13.09,few clouds
397,Touros,BR,-5.1989,-35.4608,76.53,84,96,13.96,overcast clouds
398,Nioro,GM,13.35,-15.75,71.31,92,100,10.56,light rain
399,Magam,IN,34.0833,74.5833,63.03,95,100,1.66,overcast clouds
400,Kachiry,KZ,53.0675,76.1036,67.42,82,12,9.75,few clouds
401,Takoradi,GH,4.8845,-1.7554,73.81,84,98,12.66,overcast clouds
402,Nelson Bay,AU,-32.7167,152.15,61.09,80,100,7.0,light rain
403,Cam Ranh,VN,11.9214,109.1591,89.56,58,0,0.0,clear sky
404,Antofagasta,CL,-23.65,-70.4,56.48,85,59,5.48,broken clouds
405,Zelenoborsk,RU,61.4669,64.0333,57.88,58,90,7.16,overcast clouds
406,Huilong,CN,31.8111,121.655,85.46,71,2,11.34,clear sky
407,Najran,SA,17.4924,44.1277,84.85,61,63,11.25,broken clouds
408,Merritt Island,US,28.5392,-80.672,85.08,81,0,5.75,clear sky
409,Shieli,KZ,44.1667,66.75,79.36,38,22,9.33,few clouds
410,Ilulissat,GL,69.2167,-51.1,37.09,85,63,5.26,broken clouds
411,Algiers,DZ,36.7525,3.042,73.22,88,20,3.44,few clouds
412,Khatanga,RU,71.9667,102.5,48.58,63,66,11.95,broken clouds
413,Namibe,AO,-15.1961,12.1522,56.73,79,3,10.94,clear sky
414,Florianopolis,BR,-27.6146,-48.5012,58.23,83,0,9.22,clear sky
415,Rio Gallegos,AR,-51.6226,-69.2181,39.25,70,0,12.66,clear sky
416,Gamba,GA,-2.65,10.0,71.65,91,94,7.27,overcast clouds
417,Gat,IL,31.61,34.7642,75.88,75,0,2.33,clear sky
418,Hukuntsi,BW,-24.0,21.75,57.04,26,86,14.43,overcast clouds
419,Boa Vista,BR,2.8197,-60.6733,82.38,74,20,3.44,few clouds
420,Onverwacht,SR,5.5833,-55.1833,78.85,94,40,3.44,scattered clouds
421,Nyurba,RU,63.2842,118.3319,75.45,59,100,5.41,overcast clouds
422,Redlands,US,34.0556,-117.1825,91.08,39,34,7.74,scattered clouds
423,Bubaque,GW,11.2833,-15.8333,79.02,78,100,16.02,overcast clouds
424,Victor Harbor,AU,-35.5667,138.6167,57.0,83,11,1.99,few clouds
425,Westport,US,41.1415,-73.3579,77.76,83,100,1.99,overcast clouds
426,Lompoc,US,34.6391,-120.4579,85.78,75,0,11.5,clear sky
427,Coolum Beach,AU,-26.5333,153.1,63.1,95,100,4.0,overcast clouds
428,Arlit,NE,18.7369,7.3853,91.15,40,45,17.52,scattered clouds
429,Karratha,AU,-20.7377,116.8463,77.09,56,59,7.36,broken clouds
430,Deputatskiy,RU,69.3,139.9,68.72,67,100,4.21,overcast clouds
431,Winnemucca,US,40.973,-117.7357,102.25,5,0,4.61,clear sky
432,Carauari,BR,-4.8828,-66.8958,78.73,73,92,0.94,overcast clouds
433,Wyndham,US,37.6985,-77.6125,75.0,93,100,0.0,mist
434,Sibu,MY,2.3,111.8167,80.91,83,20,7.0,few clouds
435,Beira,MZ,-19.8436,34.8389,64.49,94,20,3.44,few clouds
436,Superior,US,46.7208,-92.1041,73.49,91,75,6.91,thunderstorm
437,Shelburne,CA,44.0787,-80.2041,73.24,72,100,3.4,overcast clouds
438,Tigil,RU,57.8,158.6667,69.1,45,11,1.68,few clouds
439,Tsogni,GA,-2.7942,10.0988,70.97,92,90,6.8,overcast clouds
440,Correntina,BR,-13.3433,-44.6367,71.28,31,5,2.77,clear sky
441,Calarasi,MD,47.2544,28.3081,66.31,93,99,1.59,overcast clouds
442,Lavrentiya,RU,65.5833,-171.0,48.56,70,98,5.39,overcast clouds
443,Port Lincoln,AU,-34.7333,135.8667,59.76,61,3,15.64,clear sky
444,Kambove,CD,-10.8764,26.5969,58.41,47,0,3.69,clear sky
445,Guaymas,MX,27.9333,-110.9,86.88,56,95,5.32,overcast clouds
446,Fredericksburg,US,38.3032,-77.4605,74.21,87,100,0.0,drizzle
447,Mayo,US,38.8876,-76.5119,73.35,91,100,5.75,overcast clouds
448,Rock Sound,BS,24.9,-76.2,83.05,79,29,19.28,scattered clouds
449,Chipinge,ZW,-20.1883,32.6236,50.49,60,5,3.74,clear sky
450,Miri,MY,4.4148,114.0089,78.94,83,20,5.75,few clouds
451,Dulce Nombre De Culmi,HN,15.1,-85.5333,69.98,98,87,2.44,overcast clouds
452,Nantucket,US,41.2835,-70.0995,75.99,88,0,8.05,clear sky
453,Irara,BR,-12.05,-38.7667,66.43,97,9,7.38,clear sky
454,Padang,ID,-0.9492,100.3543,82.45,77,100,2.26,overcast clouds
455,Samarai,PG,-10.6167,150.6667,81.34,76,64,11.65,broken clouds
456,Balkhash,KZ,46.844,74.9804,65.01,77,0,8.95,clear sky
457,Gambo,CF,4.6482,22.2633,67.71,95,100,0.63,overcast clouds
458,Zhigansk,RU,66.7697,123.3711,71.82,61,64,2.75,broken clouds
459,Surt,LY,31.2089,16.5887,80.19,83,0,5.59,clear sky
460,Athmallik,IN,20.7219,84.5348,84.61,72,100,0.81,overcast clouds
461,Ambovombe,MG,-25.1667,46.0833,65.1,91,13,6.22,few clouds
462,Batabano,CU,22.7164,-82.2881,82.72,81,75,6.93,broken clouds
463,Mallaig,CA,54.2169,-111.3685,67.78,71,12,2.46,few clouds
464,Yamada,JP,39.4667,141.95,77.58,85,100,4.72,light rain
465,Huadian,CN,42.9633,126.7478,81.46,79,100,3.22,overcast clouds
466,Ust-Maya,RU,60.4167,134.5333,85.71,41,84,11.48,broken clouds
467,Balabac,PH,7.9868,117.0645,80.26,80,100,7.27,light rain
468,Paita,PE,-5.0892,-81.1144,62.91,84,6,12.46,clear sky
469,Diamantino,BR,-14.4086,-56.4461,72.25,36,0,2.62,clear sky
470,Teya,RU,60.3778,92.6267,56.34,68,100,6.31,overcast clouds
471,Egvekinot,RU,66.3167,-179.1667,55.4,46,25,4.97,scattered clouds
472,Waipawa,NZ,-41.4122,175.5153,51.44,58,2,7.25,clear sky
473,Jiuquan,CN,39.7432,98.5174,75.24,43,73,5.03,broken clouds
474,Jorochito,BO,-18.05,-63.4333,67.35,72,4,5.1,clear sky
475,Emerald,AU,-23.5333,148.1667,67.33,67,86,9.6,overcast clouds
476,Kars,TR,40.602,43.095,56.93,72,0,1.19,clear sky
477,Chicama,PE,-7.8447,-79.1469,59.54,84,18,5.57,few clouds
478,San Pedro,PH,14.35,121.0167,85.35,78,75,3.44,broken clouds
479,Ayan,RU,56.45,138.1667,57.11,94,100,10.58,overcast clouds
480,Mabaruma,GY,8.2,-59.7833,74.7,93,26,2.93,scattered clouds
481,Esso,RU,55.9333,158.7,59.07,67,93,3.18,light rain
482,Betioky,MG,-23.7167,44.3833,66.56,73,74,4.81,broken clouds
483,Trelew,AR,-43.249,-65.3051,45.88,79,100,6.69,overcast clouds
484,Navirai,BR,-23.065,-54.1906,66.52,48,78,2.77,broken clouds
485,Salme,NP,28.0369,85.0942,64.69,95,100,1.7,overcast clouds
486,Cherepovets,RU,59.1333,37.9,54.18,83,100,4.38,overcast clouds
487,Narasannapeta,IN,18.4167,84.05,83.97,78,100,6.91,overcast clouds
488,Maldonado,UY,-34.6667,-54.9167,50.23,87,97,4.5,overcast clouds
489,Bomet,KE,-0.7813,35.3416,55.11,96,92,2.95,overcast clouds
490,Matadi,CD,-5.8167,13.45,68.7,89,82,3.56,broken clouds
491,Marsabit,KE,2.3284,37.9899,60.98,78,84,20.96,broken clouds
492,Faya,SA,18.3851,42.4509,66.72,66,91,6.38,overcast clouds
493,Atambua,ID,-9.1061,124.8925,81.73,61,37,2.33,scattered clouds
494,Nouadhibou,MR,20.931,-17.0347,75.18,78,1,6.91,clear sky
495,Guadalajara,MX,20.6667,-103.3333,67.77,64,75,5.75,broken clouds
496,Abu Dhabi,AE,24.4667,54.3667,98.71,43,0,8.05,clear sky
497,Berlevag,NO,70.8578,29.0864,57.2,92,92,2.59,overcast clouds
498,Alta Floresta,BR,-9.8756,-56.0861,75.47,40,23,2.53,few clouds
499,Tomatlan,MX,19.9333,-105.25,77.92,84,99,1.54,overcast clouds
500,Kilindoni,TZ,-7.9139,39.6668,74.46,81,2,10.71,clear sky
501,Tongliao,CN,43.6125,122.2653,86.34,59,10,7.92,clear sky
502,Myanaung,MM,18.2833,95.3167,83.98,71,100,5.82,overcast clouds
503,Fortuna,US,40.5982,-124.1573,64.98,83,0,14.97,clear sky
504,Rio Grande,BR,-32.035,-52.0986,50.11,93,7,6.64,clear sky
505,Yeysk,RU,46.6989,38.2792,76.6,55,74,19.44,broken clouds
506,Berea,US,41.3662,-81.8543,73.54,79,49,7.43,scattered clouds
507,Rosarito,MX,32.3333,-117.0333,80.67,67,1,5.84,clear sky
508,Saint-Joseph,RE,-21.3667,55.6167,65.21,78,27,7.94,scattered clouds
509,Alice Springs,AU,-23.7,133.8833,62.15,36,49,16.11,scattered clouds
510,Harlingen,US,26.1906,-97.6961,86.09,86,6,13.38,clear sky
511,Nome,US,64.5011,-165.4064,58.15,80,100,9.78,overcast clouds
512,Chinsali,ZM,-10.5414,32.0816,57.31,55,0,5.7,clear sky
513,Itupiranga,BR,-5.1347,-49.3267,77.32,96,59,4.5,broken clouds
514,Svetlogorsk,BY,52.6333,29.7333,58.3,83,76,6.85,broken clouds
515,Saint-Augustin,CA,51.226,-58.6502,65.53,67,87,9.37,overcast clouds
516,Minas,UY,-34.3759,-55.2377,47.21,86,36,4.76,scattered clouds
517,Estelle,US,29.8458,-90.1067,84.2,75,20,4.61,few clouds
518,Dubti,ET,11.7361,41.0853,80.26,64,73,23.15,broken clouds
519,Peniche,PT,39.3558,-9.3811,68.11,95,0,5.14,clear sky
520,Tabuk,PH,17.4189,121.4443,83.43,74,100,2.3,overcast clouds
521,La Rioja,ES,42.25,-2.5,56.98,72,0,4.0,clear sky
522,Paamiut,GL,61.994,-49.6678,45.81,88,100,4.16,overcast clouds
523,Ashington,GB,50.9331,-0.3909,67.41,88,98,6.22,overcast clouds
524,Vanimo,PG,-2.6741,141.3028,86.41,64,76,6.71,broken clouds
525,Raga,SS,8.4596,25.678,68.79,96,97,6.15,overcast clouds
526,Khatauli,IN,29.2833,77.7167,79.29,87,61,3.36,broken clouds
527,Northam,GB,51.0333,-4.2167,58.24,97,82,1.36,broken clouds
528,Saint-Pierre,RE,-21.3393,55.4781,68.92,64,0,6.91,clear sky
529,Aklavik,CA,68.2191,-135.0107,67.5,45,75,6.93,broken clouds
530,Mwinilunga,ZM,-11.7358,24.4293,54.9,40,0,3.98,clear sky
531,Kichera,RU,55.9375,110.0997,56.79,99,100,1.92,light rain
532,Bilibino,RU,68.0546,166.4372,66.4,37,60,6.38,broken clouds
533,Kedougou,SN,12.5579,-12.1743,72.81,97,100,6.2,moderate rain
534,Katsuura,JP,35.1333,140.3,87.28,72,92,11.65,overcast clouds
535,Segou,ML,13.4317,-6.2157,80.69,65,31,9.26,scattered clouds
536,Yoichi,JP,43.2039,140.7703,73.98,94,100,3.27,heavy intensity rain
537,Balbalan,PH,17.4414,121.2019,75.54,71,100,1.79,overcast clouds
538,Shimoda,JP,34.6667,138.95,93.11,72,46,13.51,scattered clouds
539,Oktyabrskoye,RU,43.0645,44.7417,59.14,93,1,2.24,clear sky
540,Aquiraz,BR,-3.9014,-38.3911,80.19,85,3,13.2,clear sky
541,Koutsouras,GR,35.0339,25.9469,83.1,44,0,10.09,clear sky
542,Paso De Los Toros,UY,-32.8167,-56.5167,48.87,88,0,6.38,clear sky
543,Wiarton,CA,44.7407,-81.1332,72.05,60,20,5.75,few clouds
544,Jilib,SO,0.4883,42.7854,70.5,92,0,5.17,clear sky
545,Medicine Hat,CA,50.0501,-110.6683,93.63,28,20,9.22,few clouds
546,Peace River,CA,56.2501,-117.286,75.51,56,75,13.8,broken clouds
547,Whitehorse,CA,60.7161,-135.0538,68.02,56,75,3.0,light intensity shower rain
548,Zyryanka,RU,65.75,150.85,79.25,37,100,19.77,overcast clouds
549,Allacapan,PH,18.226,121.5562,86.65,67,100,1.81,overcast clouds
550,Panacan,PH,9.2463,118.4082,82.78,77,100,10.89,overcast clouds
551,Russell,US,32.3502,-85.1999,85.23,83,40,0.0,scattered clouds
552,Seydi,TM,39.4816,62.9137,82.04,29,98,8.05,overcast clouds
553,Port Hardy,CA,50.6996,-127.4199,69.98,73,75,12.66,fog
554,Bardiyah,LY,31.7561,25.0865,77.02,90,0,15.01,clear sky
555,Olden,NO,61.8364,6.8064,54.34,97,100,5.41,overcast clouds
556,Batagay-Alyta,RU,67.8006,130.4114,73.72,46,100,12.44,overcast clouds
557,Smidovich,RU,48.6,133.8167,81.32,75,51,3.83,broken clouds
558,Vieste,IT,41.8825,16.175,79.23,63,0,15.35,clear sky
559,Asau,RO,46.4333,26.4,60.28,94,11,4.81,few clouds
560,Lakhnau,IN,26.85,80.9167,82.38,89,75,0.0,mist
561,Juneau,US,58.3019,-134.4197,62.6,99,100,3.44,overcast clouds
562,Illapel,CL,-31.6308,-71.1653,53.28,86,100,1.39,overcast clouds
563,Tual,ID,-5.6667,132.75,79.56,84,100,17.49,overcast clouds
564,Bingol,TR,38.8847,40.4939,71.83,22,0,5.73,clear sky
565,San Andres,CO,12.5847,-81.7006,84.22,74,40,10.36,scattered clouds
566,Dalby,AU,-27.1833,151.2667,62.98,65,100,3.0,overcast clouds
